Model,MAE,RMSE
Baseline Mean,0.008103520435626736,0.011026151369086199
"ARIMA(1,0,1)",0.008263792240156201,0.011157819070990376
