Model,MAE,RMSE
Naive Volatility,0.00035135679999965006,0.0005922609458181052
ETS,0.0003512630070871369,0.0005920125633499906
GARCH,0.0014930593674968111,0.002025636474700628
